INSERT INTO snowtricks.comments (id, trick_id, user_id, date_create, content) VALUES (1, 86, 24, '2018-11-24 13:32:51', 'ze zef zfe zfe zef zf');
INSERT INTO snowtricks.comments (id, trick_id, user_id, date_create, content) VALUES (2, 86, 24, '2018-11-24 13:33:55', 'ze zef zfe zfe zef zf');
INSERT INTO snowtricks.comments (id, trick_id, user_id, date_create, content) VALUES (3, 86, 24, '2018-11-24 13:34:16', 'ze zef zfe zfe zef zf er er er');
INSERT INTO snowtricks.comments (id, trick_id, user_id, date_create, content) VALUES (4, 86, 24, '2018-11-24 13:35:09', 'ze zef zfe zfe zef zf er er er');
INSERT INTO snowtricks.comments (id, trick_id, user_id, date_create, content) VALUES (5, 86, 24, '2018-11-24 13:35:53', 'ze zef zfe zfe zef zf er er er');
INSERT INTO snowtricks.comments (id, trick_id, user_id, date_create, content) VALUES (6, 86, 24, '2018-11-24 13:36:14', 'zeze  ze ze ze');
INSERT INTO snowtricks.comments (id, trick_id, user_id, date_create, content) VALUES (7, 86, 24, '2018-11-24 18:10:47', 'er et er ret');
INSERT INTO snowtricks.comments (id, trick_id, user_id, date_create, content) VALUES (8, 86, 24, '2018-11-24 18:10:49', 'er et er ret');
INSERT INTO snowtricks.comments (id, trick_id, user_id, date_create, content) VALUES (9, 86, 24, '2018-11-24 18:11:04', 'er et er ret');
INSERT INTO snowtricks.comments (id, trick_id, user_id, date_create, content) VALUES (10, 86, 24, '2018-11-24 18:11:32', 'er er er e r');
INSERT INTO snowtricks.comments (id, trick_id, user_id, date_create, content) VALUES (11, 86, 24, '2018-11-24 18:12:09', 'er er er  er er er e re reeeeeeeeeeeeeeeeeee');
INSERT INTO snowtricks.migration_versions (version) VALUES ('20181111103053');
INSERT INTO snowtricks.migration_versions (version) VALUES ('20181111103947');
INSERT INTO snowtricks.migration_versions (version) VALUES ('20181111104144');
INSERT INTO snowtricks.migration_versions (version) VALUES ('20181117151441');
INSERT INTO snowtricks.migration_versions (version) VALUES ('20181124130034');
INSERT INTO snowtricks.migration_versions (version) VALUES ('20181128202327');
INSERT INTO snowtricks.migration_versions (version) VALUES ('20181202085745');
INSERT INTO snowtricks.migration_versions (version) VALUES ('20181202133654');
INSERT INTO snowtricks.migration_versions (version) VALUES ('20181202133816');
INSERT INTO snowtricks.movies (id, user_id, trick_id, date_create, url_movie) VALUES (1, 24, 119, '2018-11-17 17:26:06', 'https://www.youtube.com/watch?v=EA68KUb4e7Q');
INSERT INTO snowtricks.movies (id, user_id, trick_id, date_create, url_movie) VALUES (2, 24, 87, '2018-11-18 13:26:21', 'https://www.youtube.com/watch?v=EA68KUb4e7Q');
INSERT INTO snowtricks.password_recovery (id, user_related_id, token, date_create, end_date_validity, date_used, ip) VALUES (6, 24, 'deda88d5f598611c0e623f0c36ec9d14735d74d8', '2018-12-02 14:02:14', '2018-12-02 17:02:14', null, '127.0.0.1');
INSERT INTO snowtricks.password_recovery (id, user_related_id, token, date_create, end_date_validity, date_used, ip) VALUES (7, 24, '1cc748bcbadf8f673f5db96511fb723aec50c058', '2018-12-02 17:20:19', '2018-12-02 20:20:19', null, '127.0.0.1');
INSERT INTO snowtricks.password_recovery (id, user_related_id, token, date_create, end_date_validity, date_used, ip) VALUES (8, 24, 'f3e3c944a1b61e66f68c3634d3b673b31921664a', '2018-12-04 18:38:54', '2018-12-04 21:38:54', '2018-12-04 18:40:19', '127.0.0.1');
INSERT INTO snowtricks.password_recovery (id, user_related_id, token, date_create, end_date_validity, date_used, ip) VALUES (9, 24, 'a0b8b9b324f1bbdcf77cc95dd9160ee856fd9d56', '2018-12-04 18:41:00', '2018-12-04 21:41:00', '2018-12-04 19:04:20', '127.0.0.1');
INSERT INTO snowtricks.pictures (id, user_id, trick_id, picture_relative_path, date_create) VALUES (48, 24, null, 'img/tricks/default.png', '2018-11-11 17:07:11');
INSERT INTO snowtricks.pictures (id, user_id, trick_id, picture_relative_path, date_create) VALUES (49, 24, 86, 'img/tricks/example-lg.jpg', '2018-11-11 17:07:11');
INSERT INTO snowtricks.pictures (id, user_id, trick_id, picture_relative_path, date_create) VALUES (50, 24, 87, 'img/tricks/8236290f1144e0c894a4880ae22d938a.png', '2018-11-11 17:07:11');
INSERT INTO snowtricks.pictures (id, user_id, trick_id, picture_relative_path, date_create) VALUES (52, 24, 89, 'img/tricks/example-lg.jpg', '2018-11-11 17:07:11');
INSERT INTO snowtricks.pictures (id, user_id, trick_id, picture_relative_path, date_create) VALUES (53, 24, 90, 'img/tricks/example-lg.jpg', '2018-11-11 17:07:11');
INSERT INTO snowtricks.pictures (id, user_id, trick_id, picture_relative_path, date_create) VALUES (54, 24, 91, 'img/tricks/example-lg.jpg', '2018-11-11 17:07:11');
INSERT INTO snowtricks.pictures (id, user_id, trick_id, picture_relative_path, date_create) VALUES (55, 24, 92, 'img/tricks/example-lg.jpg', '2018-11-11 17:07:11');
INSERT INTO snowtricks.pictures (id, user_id, trick_id, picture_relative_path, date_create) VALUES (56, 24, 93, 'img/tricks/example-lg.jpg', '2018-11-11 17:07:11');
INSERT INTO snowtricks.pictures (id, user_id, trick_id, picture_relative_path, date_create) VALUES (57, 24, 94, 'img/tricks/example-lg.jpg', '2018-11-11 17:07:11');
INSERT INTO snowtricks.pictures (id, user_id, trick_id, picture_relative_path, date_create) VALUES (58, 24, 95, 'img/tricks/example-lg.jpg', '2018-11-11 17:07:11');
INSERT INTO snowtricks.pictures (id, user_id, trick_id, picture_relative_path, date_create) VALUES (61, 24, 118, 'img/tricks/ea3d059aa8107aef6042c5c184215265.png', '2018-11-17 16:54:35');
INSERT INTO snowtricks.pictures (id, user_id, trick_id, picture_relative_path, date_create) VALUES (62, 24, 119, 'img/tricks/1362bf91d9a0b952d0b7d5a07eedbd91.png', '2018-11-17 17:26:06');
INSERT INTO snowtricks.pictures (id, user_id, trick_id, picture_relative_path, date_create) VALUES (63, 24, 87, 'img/tricks/c9bc8c272653f7d64ad70d1c70bf6d9b.png', '2018-11-19 21:19:57');
INSERT INTO snowtricks.trick (id, trick_group_id, user_id, slug, name, description, date_create, date_update) VALUES (86, 210, 24, 'mute-0', 'Mute(0)', 'Description de test', '2018-11-11 17:07:10', null);
INSERT INTO snowtricks.trick (id, trick_group_id, user_id, slug, name, description, date_create, date_update) VALUES (87, 210, 24, 'mute-1', 'Mute(1)', 'Description de test', '2018-11-11 17:07:10', '2018-11-19 21:19:58');
INSERT INTO snowtricks.trick (id, trick_group_id, user_id, slug, name, description, date_create, date_update) VALUES (89, 210, 24, 'mute-3', 'Mute(3)', 'Description de test', '2018-11-11 17:07:10', null);
INSERT INTO snowtricks.trick (id, trick_group_id, user_id, slug, name, description, date_create, date_update) VALUES (90, 210, 24, 'mute-4', 'Mute(4)', 'Description de test', '2018-11-11 17:07:10', null);
INSERT INTO snowtricks.trick (id, trick_group_id, user_id, slug, name, description, date_create, date_update) VALUES (91, 210, 24, 'mute-5', 'Mute(5)', 'Description de test', '2018-11-11 17:07:10', null);
INSERT INTO snowtricks.trick (id, trick_group_id, user_id, slug, name, description, date_create, date_update) VALUES (92, 210, 24, 'mute-6', 'Mute(6)', 'Description de test', '2018-11-11 17:07:10', null);
INSERT INTO snowtricks.trick (id, trick_group_id, user_id, slug, name, description, date_create, date_update) VALUES (93, 210, 24, 'mute-7', 'Mute(7)', 'Description de test', '2018-11-11 17:07:11', null);
INSERT INTO snowtricks.trick (id, trick_group_id, user_id, slug, name, description, date_create, date_update) VALUES (94, 210, 24, 'mute-8', 'Mute(8)', 'Description de test', '2018-11-11 17:07:11', null);
INSERT INTO snowtricks.trick (id, trick_group_id, user_id, slug, name, description, date_create, date_update) VALUES (95, 210, 24, 'mute-9', 'Mute(9)', 'Description de test', '2018-11-11 17:07:11', null);
INSERT INTO snowtricks.trick (id, trick_group_id, user_id, slug, name, description, date_create, date_update) VALUES (118, 207, 24, 'azr-ar', 'azr ar', 'ae az aze', '2018-11-17 16:54:35', null);
INSERT INTO snowtricks.trick (id, trick_group_id, user_id, slug, name, description, date_create, date_update) VALUES (119, 210, 24, 'fzef-zf', 'fzef zf', 'zef zf zf z', '2018-11-17 17:26:06', null);
INSERT INTO snowtricks.trick_group (id, slug, name) VALUES (205, 'les-grabs', 'Les grabs');
INSERT INTO snowtricks.trick_group (id, slug, name) VALUES (206, 'les-rotations', 'Les rotations');
INSERT INTO snowtricks.trick_group (id, slug, name) VALUES (207, 'les-flips', 'Les flips');
INSERT INTO snowtricks.trick_group (id, slug, name) VALUES (208, 'les-rotations-desaxees', 'Les rotations désaxées');
INSERT INTO snowtricks.trick_group (id, slug, name) VALUES (209, 'les-slides', 'Les slides');
INSERT INTO snowtricks.trick_group (id, slug, name) VALUES (210, 'les-one-foot-tricks', 'Les one foot tricks');
INSERT INTO snowtricks.user (id, first_name, last_name, password, user_name, email, state, token, date_create, date_validate, avatar) VALUES (24, 'Martin', 'Durand', '$2y$10$He1jWnGZbiTgxIAmfCs6De85iekzyL5WROaeKZ5qz2i/zuCXT9yGm', 'Administrator', 'martin.durand@snowtricks.com', 1, 'de932bb7f33882a66ba8e81952c16b6b1ec40095', '2018-11-11 17:07:10', '2018-11-11 17:07:10', 'img/avatar/dc74d0a93e8fc22cc28aed29c3a1057b.png');